gestosc/rozmiary,10,50,100,200,500
0.25,4021.73,455911,4.57599e+06,4.15346e+07,6.38803e+08
0.5,5104.71,645752,7.07141e+06,6.23583e+07,1.08817e+09
0.75,6614.36,706844,5.91336e+06,4.9474e+07,7.55136e+08
1,5801.4,491683,3.53765e+06,2.69335e+07,4.19502e+08
