gestosc/rozmiar,10,50,100,200,500
0.25,1301.22,16026.3,62895.9,249138,1.438e+06
0.5,2146.11,30587.7,133455,478625,2.83415e+06
0.75,2588.67,43873.5,194514,685285,4.17227e+06
1,2967.09,55999.2,246078,915821,5.57928e+06
