gestosc/rozmiar,10,50,100,200,500
0.25,2536.33,82733.1,308820,1.20826e+06,7.61997e+06
0.5,4636.22,102056,377503,1.44277e+06,1.05469e+07
0.75,6242.19,109054,411745,1.59459e+06,1.03013e+07
1,5507.1,106081,404610,1.5929e+06,1.07711e+07
